{
  "e4b": {
    "per_cat": {
      "구조": {
        "n_pos": 42,
        "f1": 0.49152542372881364,
        "ci_lo": 0.3801206164842529,
        "ci_hi": 0.6046609341410982,
        "measurable": true
      },
      "공정성": {
        "n_pos": 141,
        "f1": 0.6795366795366796,
        "ci_lo": 0.6052607302388813,
        "ci_hi": 0.738707227731618,
        "measurable": true
      },
      "적법성": {
        "n_pos": 51,
        "f1": 0.5043478260869565,
        "ci_lo": 0.37733046889594624,
        "ci_hi": 0.603469982634582,
        "measurable": true
      },
      "거버넌스": {
        "n_pos": 92,
        "f1": 0.5151515151515151,
        "ci_lo": 0.44079591836734694,
        "ci_hi": 0.5882457238214434,
        "measurable": true
      },
      "효율성": {
        "n_pos": 185,
        "f1": 0.6445497630331753,
        "ci_lo": 0.5876016058683584,
        "ci_hi": 0.6943830822803928,
        "measurable": true
      }
    },
    "total": {
      "n_pos": 511,
      "f1": 0.5942275042444821,
      "ci_lo": 0.5619831202907295,
      "ci_hi": 0.6286646357586088
    },
    "strat_mode": "StratifiedKFold(양성보유행 503/2588 근사)",
    "n": 2588
  },
  "choices": [
    {
      "구조": {
        "choice": "e1",
        "inner_f1": 0.4792
      },
      "공정성": {
        "choice": "rule",
        "inner_f1": 0.6866
      },
      "적법성": {
        "choice": "e1",
        "inner_f1": 0.5556
      },
      "거버넌스": {
        "choice": "rule|e1",
        "inner_f1": 0.5494
      },
      "효율성": {
        "choice": "rule|e1",
        "inner_f1": 0.6571
      }
    },
    {
      "구조": {
        "choice": "e1",
        "inner_f1": 0.4706
      },
      "공정성": {
        "choice": "rule",
        "inner_f1": 0.6798
      },
      "적법성": {
        "choice": "e1",
        "inner_f1": 0.4706
      },
      "거버넌스": {
        "choice": "rule|e1",
        "inner_f1": 0.5617
      },
      "효율성": {
        "choice": "rule|e1",
        "inner_f1": 0.6336
      }
    },
    {
      "구조": {
        "choice": "e1",
        "inner_f1": 0.4474
      },
      "공정성": {
        "choice": "rule",
        "inner_f1": 0.7005
      },
      "적법성": {
        "choice": "e1",
        "inner_f1": 0.5882
      },
      "거버넌스": {
        "choice": "rule",
        "inner_f1": 0.525
      },
      "효율성": {
        "choice": "rule|e1",
        "inner_f1": 0.6272
      }
    },
    {
      "구조": {
        "choice": "e1",
        "inner_f1": 0.4536
      },
      "공정성": {
        "choice": "rule",
        "inner_f1": 0.657
      },
      "적법성": {
        "choice": "e1",
        "inner_f1": 0.5435
      },
      "거버넌스": {
        "choice": "rule|e1",
        "inner_f1": 0.5532
      },
      "효율성": {
        "choice": "rule|e1",
        "inner_f1": 0.6145
      }
    },
    {
      "구조": {
        "choice": "e1",
        "inner_f1": 0.3736
      },
      "공정성": {
        "choice": "rule",
        "inner_f1": 0.6731
      },
      "적법성": {
        "choice": "e1",
        "inner_f1": 0.4706
      },
      "거버넌스": {
        "choice": "rule",
        "inner_f1": 0.5513
      },
      "효율성": {
        "choice": "rule|e1",
        "inner_f1": 0.6433
      }
    }
  ],
  "protocol": "V0' 동일 + nested 3-fold 선택(누수 0)"
}