{
  "overall": {
    "tp": 230,
    "fp": 520,
    "fn": 87,
    "tn": 1213,
    "border_fired": 116,
    "border_skipped": 151,
    "missing": 0,
    "precision": 0.30666666666666664,
    "recall": 0.7255520504731862,
    "f1": 0.43111527647610126
  },
  "per_rule": {
    "E-01": {
      "tp": 50,
      "fp": 102,
      "fn": 18,
      "tn": 77,
      "border_fired": 37,
      "border_skipped": 16,
      "missing": 0,
      "precision": 0.32894736842105265,
      "recall": 0.7352941176470589,
      "f1": 0.4545454545454546
    },
    "F-02": {
      "tp": 6,
      "fp": 17,
      "fn": 9,
      "tn": 185,
      "border_fired": 6,
      "border_skipped": 9,
      "missing": 0,
      "precision": 0.2608695652173913,
      "recall": 0.4,
      "f1": 0.31578947368421056
    },
    "F-03": {
      "tp": 42,
      "fp": 89,
      "fn": 16,
      "tn": 130,
      "border_fired": 11,
      "border_skipped": 12,
      "missing": 0,
      "precision": 0.32061068702290074,
      "recall": 0.7241379310344828,
      "f1": 0.4444444444444444
    },
    "F-04": {
      "tp": 18,
      "fp": 19,
      "fn": 0,
      "tn": 4,
      "border_fired": 2,
      "border_skipped": 0,
      "missing": 0,
      "precision": 0.4864864864864865,
      "recall": 1.0,
      "f1": 0.6545454545454547
    },
    "G-01": {
      "tp": 47,
      "fp": 103,
      "fn": 22,
      "tn": 83,
      "border_fired": 16,
      "border_skipped": 29,
      "missing": 0,
      "precision": 0.31333333333333335,
      "recall": 0.6811594202898551,
      "f1": 0.4292237442922374
    },
    "G-03": {
      "tp": 8,
      "fp": 4,
      "fn": 2,
      "tn": 72,
      "border_fired": 2,
      "border_skipped": 12,
      "missing": 0,
      "precision": 0.6666666666666666,
      "recall": 0.8,
      "f1": 0.7272727272727272
    },
    "G-04": {
      "tp": 11,
      "fp": 15,
      "fn": 2,
      "tn": 112,
      "border_fired": 1,
      "border_skipped": 2,
      "missing": 0,
      "precision": 0.4230769230769231,
      "recall": 0.8461538461538461,
      "f1": 0.5641025641025641
    },
    "L-01": {
      "tp": 26,
      "fp": 93,
      "fn": 7,
      "tn": 139,
      "border_fired": 21,
      "border_skipped": 14,
      "missing": 0,
      "precision": 0.2184873949579832,
      "recall": 0.7878787878787878,
      "f1": 0.34210526315789475
    },
    "L-03": {
      "tp": 2,
      "fp": 2,
      "fn": 2,
      "tn": 288,
      "border_fired": 0,
      "border_skipped": 6,
      "missing": 0,
      "precision": 0.5,
      "recall": 0.5,
      "f1": 0.5
    },
    "S-04": {
      "tp": 20,
      "fp": 76,
      "fn": 9,
      "tn": 123,
      "border_fired": 20,
      "border_skipped": 51,
      "missing": 0,
      "precision": 0.20833333333333334,
      "recall": 0.6896551724137931,
      "f1": 0.32
    }
  },
  "n_verdicts": 2050
}