{
  "overall": {
    "tp": 219,
    "fp": 20,
    "fn": 153,
    "tn": 1733,
    "border_fired": 28,
    "border_skipped": 239,
    "missing": 0,
    "unmapped": 0,
    "precision": 0.9163179916317992,
    "recall": 0.5887096774193549,
    "f1": 0.7168576104746317
  },
  "per_rule": {
    "E-01": {
      "tp": 29,
      "fp": 3,
      "fn": 54,
      "tn": 176,
      "border_fired": 6,
      "border_skipped": 47,
      "missing": 0,
      "unmapped": 0,
      "precision": 0.90625,
      "recall": 0.3493975903614458,
      "f1": 0.5043478260869566
    },
    "F-02": {
      "tp": 8,
      "fp": 1,
      "fn": 7,
      "tn": 201,
      "border_fired": 0,
      "border_skipped": 15,
      "missing": 0,
      "unmapped": 0,
      "precision": 0.8888888888888888,
      "recall": 0.5333333333333333,
      "f1": 0.6666666666666667
    },
    "F-03": {
      "tp": 48,
      "fp": 6,
      "fn": 21,
      "tn": 213,
      "border_fired": 2,
      "border_skipped": 21,
      "missing": 0,
      "unmapped": 0,
      "precision": 0.8888888888888888,
      "recall": 0.6956521739130435,
      "f1": 0.7804878048780488
    },
    "F-04": {
      "tp": 18,
      "fp": 1,
      "fn": 0,
      "tn": 22,
      "border_fired": 1,
      "border_skipped": 1,
      "missing": 0,
      "unmapped": 0,
      "precision": 0.9473684210526315,
      "recall": 1.0,
      "f1": 0.972972972972973
    },
    "F-05": {
      "tp": 2,
      "fp": 0,
      "fn": 0,
      "tn": 7,
      "border_fired": 0,
      "border_skipped": 0,
      "missing": 0,
      "unmapped": 0,
      "precision": 1.0,
      "recall": 1.0,
      "f1": 1.0
    },
    "G-01": {
      "tp": 19,
      "fp": 3,
      "fn": 50,
      "tn": 183,
      "border_fired": 8,
      "border_skipped": 37,
      "missing": 0,
      "unmapped": 0,
      "precision": 0.8636363636363636,
      "recall": 0.2753623188405797,
      "f1": 0.4175824175824176
    },
    "G-03": {
      "tp": 10,
      "fp": 0,
      "fn": 0,
      "tn": 76,
      "border_fired": 3,
      "border_skipped": 11,
      "missing": 0,
      "unmapped": 0,
      "precision": 1.0,
      "recall": 1.0,
      "f1": 1.0
    },
    "G-04": {
      "tp": 10,
      "fp": 0,
      "fn": 3,
      "tn": 127,
      "border_fired": 1,
      "border_skipped": 2,
      "missing": 0,
      "unmapped": 0,
      "precision": 1.0,
      "recall": 0.7692307692307693,
      "f1": 0.8695652173913044
    },
    "L-01": {
      "tp": 41,
      "fp": 4,
      "fn": 5,
      "tn": 228,
      "border_fired": 3,
      "border_skipped": 32,
      "missing": 0,
      "unmapped": 0,
      "precision": 0.9111111111111111,
      "recall": 0.8913043478260869,
      "f1": 0.9010989010989011
    },
    "L-02": {
      "tp": 1,
      "fp": 0,
      "fn": 0,
      "tn": 14,
      "border_fired": 0,
      "border_skipped": 0,
      "missing": 0,
      "unmapped": 0,
      "precision": 1.0,
      "recall": 1.0,
      "f1": 1.0
    },
    "L-03": {
      "tp": 2,
      "fp": 0,
      "fn": 2,
      "tn": 290,
      "border_fired": 0,
      "border_skipped": 6,
      "missing": 0,
      "unmapped": 0,
      "precision": 1.0,
      "recall": 0.5,
      "f1": 0.6666666666666666
    },
    "S-04": {
      "tp": 31,
      "fp": 2,
      "fn": 11,
      "tn": 196,
      "border_fired": 4,
      "border_skipped": 67,
      "missing": 0,
      "unmapped": 0,
      "precision": 0.9393939393939394,
      "recall": 0.7380952380952381,
      "f1": 0.8266666666666667
    }
  },
  "n_verdicts": 2125
}