{
  "overall": {
    "tp": 140,
    "fp": 17,
    "fn": 180,
    "tn": 1737,
    "border_fired": 25,
    "border_skipped": 242,
    "missing": 0,
    "unmapped": 0,
    "precision": 0.89171974522293,
    "recall": 0.4375,
    "f1": 0.5870020964360587
  },
  "per_rule": {
    "E-01": {
      "tp": 14,
      "fp": 3,
      "fn": 54,
      "tn": 176,
      "border_fired": 6,
      "border_skipped": 47,
      "missing": 0,
      "unmapped": 0,
      "precision": 0.8235294117647058,
      "recall": 0.20588235294117646,
      "f1": 0.32941176470588235
    },
    "F-02": {
      "tp": 7,
      "fp": 1,
      "fn": 8,
      "tn": 201,
      "border_fired": 0,
      "border_skipped": 15,
      "missing": 0,
      "unmapped": 0,
      "precision": 0.875,
      "recall": 0.4666666666666667,
      "f1": 0.608695652173913
    },
    "F-03": {
      "tp": 22,
      "fp": 5,
      "fn": 36,
      "tn": 214,
      "border_fired": 2,
      "border_skipped": 21,
      "missing": 0,
      "unmapped": 0,
      "precision": 0.8148148148148148,
      "recall": 0.3793103448275862,
      "f1": 0.5176470588235293
    },
    "F-04": {
      "tp": 18,
      "fp": 1,
      "fn": 0,
      "tn": 22,
      "border_fired": 1,
      "border_skipped": 1,
      "missing": 0,
      "unmapped": 0,
      "precision": 0.9473684210526315,
      "recall": 1.0,
      "f1": 0.972972972972973
    },
    "F-05": {
      "tp": 2,
      "fp": 0,
      "fn": 0,
      "tn": 7,
      "border_fired": 0,
      "border_skipped": 0,
      "missing": 0,
      "unmapped": 0,
      "precision": 1.0,
      "recall": 1.0,
      "f1": 1.0
    },
    "G-01": {
      "tp": 19,
      "fp": 3,
      "fn": 50,
      "tn": 183,
      "border_fired": 8,
      "border_skipped": 37,
      "missing": 0,
      "unmapped": 0,
      "precision": 0.8636363636363636,
      "recall": 0.2753623188405797,
      "f1": 0.4175824175824176
    },
    "G-03": {
      "tp": 10,
      "fp": 0,
      "fn": 0,
      "tn": 76,
      "border_fired": 3,
      "border_skipped": 11,
      "missing": 0,
      "unmapped": 0,
      "precision": 1.0,
      "recall": 1.0,
      "f1": 1.0
    },
    "G-04": {
      "tp": 10,
      "fp": 0,
      "fn": 3,
      "tn": 127,
      "border_fired": 1,
      "border_skipped": 2,
      "missing": 0,
      "unmapped": 0,
      "precision": 1.0,
      "recall": 0.7692307692307693,
      "f1": 0.8695652173913044
    },
    "L-01": {
      "tp": 22,
      "fp": 3,
      "fn": 11,
      "tn": 229,
      "border_fired": 3,
      "border_skipped": 32,
      "missing": 0,
      "unmapped": 0,
      "precision": 0.88,
      "recall": 0.6666666666666666,
      "f1": 0.7586206896551725
    },
    "L-02": {
      "tp": 1,
      "fp": 0,
      "fn": 0,
      "tn": 14,
      "border_fired": 0,
      "border_skipped": 0,
      "missing": 0,
      "unmapped": 0,
      "precision": 1.0,
      "recall": 1.0,
      "f1": 1.0
    },
    "L-03": {
      "tp": 2,
      "fp": 0,
      "fn": 2,
      "tn": 290,
      "border_fired": 0,
      "border_skipped": 6,
      "missing": 0,
      "unmapped": 0,
      "precision": 1.0,
      "recall": 0.5,
      "f1": 0.6666666666666666
    },
    "S-04": {
      "tp": 13,
      "fp": 1,
      "fn": 16,
      "tn": 198,
      "border_fired": 1,
      "border_skipped": 70,
      "missing": 0,
      "unmapped": 0,
      "precision": 0.9285714285714286,
      "recall": 0.4482758620689655,
      "f1": 0.6046511627906977
    }
  },
  "n_verdicts": 2074
}