{
  "overall": {
    "tp": 214,
    "fp": 128,
    "fn": 103,
    "tn": 1605,
    "border_fired": 82,
    "border_skipped": 185,
    "missing": 0,
    "precision": 0.6257309941520468,
    "recall": 0.6750788643533123,
    "f1": 0.6494688922610016,
    "lenient_precision": 0.6981132075471698,
    "lenient_recall": 0.7418546365914787,
    "lenient_f1": 0.7193195625759415
  },
  "per_rule": {
    "E-01": {
      "tp": 50,
      "fp": 32,
      "fn": 18,
      "tn": 147,
      "border_fired": 30,
      "border_skipped": 23,
      "missing": 0,
      "precision": 0.6097560975609756,
      "recall": 0.7352941176470589,
      "f1": 0.6666666666666666,
      "lenient_precision": 0.7142857142857143,
      "lenient_recall": 0.8163265306122449,
      "lenient_f1": 0.7619047619047619
    },
    "F-02": {
      "tp": 5,
      "fp": 0,
      "fn": 10,
      "tn": 202,
      "border_fired": 0,
      "border_skipped": 15,
      "missing": 0,
      "precision": 1.0,
      "recall": 0.3333333333333333,
      "f1": 0.5,
      "lenient_precision": 1.0,
      "lenient_recall": 0.3333333333333333,
      "lenient_f1": 0.5
    },
    "F-03": {
      "tp": 39,
      "fp": 22,
      "fn": 19,
      "tn": 197,
      "border_fired": 11,
      "border_skipped": 12,
      "missing": 0,
      "precision": 0.639344262295082,
      "recall": 0.6724137931034483,
      "f1": 0.6554621848739496,
      "lenient_precision": 0.6944444444444444,
      "lenient_recall": 0.7246376811594203,
      "lenient_f1": 0.7092198581560285
    },
    "F-04": {
      "tp": 18,
      "fp": 10,
      "fn": 0,
      "tn": 13,
      "border_fired": 2,
      "border_skipped": 0,
      "missing": 0,
      "precision": 0.6428571428571429,
      "recall": 1.0,
      "f1": 0.782608695652174,
      "lenient_precision": 0.6666666666666666,
      "lenient_recall": 1.0,
      "lenient_f1": 0.8
    },
    "G-01": {
      "tp": 43,
      "fp": 41,
      "fn": 26,
      "tn": 145,
      "border_fired": 13,
      "border_skipped": 32,
      "missing": 0,
      "precision": 0.5119047619047619,
      "recall": 0.6231884057971014,
      "f1": 0.5620915032679737,
      "lenient_precision": 0.5773195876288659,
      "lenient_recall": 0.6829268292682927,
      "lenient_f1": 0.6256983240223464
    },
    "G-03": {
      "tp": 8,
      "fp": 2,
      "fn": 2,
      "tn": 74,
      "border_fired": 2,
      "border_skipped": 12,
      "missing": 0,
      "precision": 0.8,
      "recall": 0.8,
      "f1": 0.8000000000000002,
      "lenient_precision": 0.8333333333333334,
      "lenient_recall": 0.8333333333333334,
      "lenient_f1": 0.8333333333333334
    },
    "G-04": {
      "tp": 11,
      "fp": 0,
      "fn": 2,
      "tn": 127,
      "border_fired": 1,
      "border_skipped": 2,
      "missing": 0,
      "precision": 1.0,
      "recall": 0.8461538461538461,
      "f1": 0.9166666666666666,
      "lenient_precision": 1.0,
      "lenient_recall": 0.8571428571428571,
      "lenient_f1": 0.923076923076923
    },
    "L-01": {
      "tp": 24,
      "fp": 7,
      "fn": 9,
      "tn": 225,
      "border_fired": 13,
      "border_skipped": 22,
      "missing": 0,
      "precision": 0.7741935483870968,
      "recall": 0.7272727272727273,
      "f1": 0.7500000000000001,
      "lenient_precision": 0.8409090909090909,
      "lenient_recall": 0.8043478260869565,
      "lenient_f1": 0.8222222222222223
    },
    "L-03": {
      "tp": 2,
      "fp": 0,
      "fn": 2,
      "tn": 290,
      "border_fired": 0,
      "border_skipped": 6,
      "missing": 0,
      "precision": 1.0,
      "recall": 0.5,
      "f1": 0.6666666666666666,
      "lenient_precision": 1.0,
      "lenient_recall": 0.5,
      "lenient_f1": 0.6666666666666666
    },
    "S-04": {
      "tp": 14,
      "fp": 14,
      "fn": 15,
      "tn": 185,
      "border_fired": 10,
      "border_skipped": 61,
      "missing": 0,
      "precision": 0.5,
      "recall": 0.4827586206896552,
      "f1": 0.49122807017543857,
      "lenient_precision": 0.631578947368421,
      "lenient_recall": 0.6153846153846154,
      "lenient_f1": 0.6233766233766234
    }
  },
  "n_verdicts": 2050
}