{
  "overall": {
    "tp": 230,
    "fp": 531,
    "fn": 87,
    "tn": 1202,
    "border_fired": 118,
    "border_skipped": 149,
    "missing": 0,
    "precision": 0.30223390275952694,
    "recall": 0.7255520504731862,
    "f1": 0.4267161410018553
  },
  "per_rule": {
    "E-01": {
      "tp": 50,
      "fp": 102,
      "fn": 18,
      "tn": 77,
      "border_fired": 37,
      "border_skipped": 16,
      "missing": 0,
      "precision": 0.32894736842105265,
      "recall": 0.7352941176470589,
      "f1": 0.4545454545454546
    },
    "F-02": {
      "tp": 6,
      "fp": 17,
      "fn": 9,
      "tn": 185,
      "border_fired": 6,
      "border_skipped": 9,
      "missing": 0,
      "precision": 0.2608695652173913,
      "recall": 0.4,
      "f1": 0.31578947368421056
    },
    "F-03": {
      "tp": 42,
      "fp": 91,
      "fn": 16,
      "tn": 128,
      "border_fired": 12,
      "border_skipped": 11,
      "missing": 0,
      "precision": 0.3157894736842105,
      "recall": 0.7241379310344828,
      "f1": 0.4397905759162304
    },
    "F-04": {
      "tp": 18,
      "fp": 23,
      "fn": 0,
      "tn": 0,
      "border_fired": 2,
      "border_skipped": 0,
      "missing": 0,
      "precision": 0.43902439024390244,
      "recall": 1.0,
      "f1": 0.6101694915254238
    },
    "G-01": {
      "tp": 47,
      "fp": 103,
      "fn": 22,
      "tn": 83,
      "border_fired": 16,
      "border_skipped": 29,
      "missing": 0,
      "precision": 0.31333333333333335,
      "recall": 0.6811594202898551,
      "f1": 0.4292237442922374
    },
    "G-03": {
      "tp": 8,
      "fp": 4,
      "fn": 2,
      "tn": 72,
      "border_fired": 2,
      "border_skipped": 12,
      "missing": 0,
      "precision": 0.6666666666666666,
      "recall": 0.8,
      "f1": 0.7272727272727272
    },
    "G-04": {
      "tp": 11,
      "fp": 15,
      "fn": 2,
      "tn": 112,
      "border_fired": 1,
      "border_skipped": 2,
      "missing": 0,
      "precision": 0.4230769230769231,
      "recall": 0.8461538461538461,
      "f1": 0.5641025641025641
    },
    "L-01": {
      "tp": 26,
      "fp": 95,
      "fn": 7,
      "tn": 137,
      "border_fired": 21,
      "border_skipped": 14,
      "missing": 0,
      "precision": 0.21487603305785125,
      "recall": 0.7878787878787878,
      "f1": 0.33766233766233766
    },
    "L-03": {
      "tp": 2,
      "fp": 2,
      "fn": 2,
      "tn": 288,
      "border_fired": 0,
      "border_skipped": 6,
      "missing": 0,
      "precision": 0.5,
      "recall": 0.5,
      "f1": 0.5
    },
    "S-04": {
      "tp": 20,
      "fp": 79,
      "fn": 9,
      "tn": 120,
      "border_fired": 21,
      "border_skipped": 50,
      "missing": 0,
      "precision": 0.20202020202020202,
      "recall": 0.6896551724137931,
      "f1": 0.3125
    }
  },
  "n_verdicts": 2050
}