{
  "overall": {
    "tp": 231,
    "fp": 578,
    "fn": 86,
    "tn": 1155,
    "border_fired": 123,
    "border_skipped": 144,
    "missing": 0,
    "precision": 0.28553770086526575,
    "recall": 0.7287066246056783,
    "f1": 0.41030195381882767
  },
  "per_rule": {
    "E-01": {
      "tp": 50,
      "fp": 104,
      "fn": 18,
      "tn": 75,
      "border_fired": 37,
      "border_skipped": 16,
      "missing": 0,
      "precision": 0.3246753246753247,
      "recall": 0.7352941176470589,
      "f1": 0.45045045045045046
    },
    "F-02": {
      "tp": 6,
      "fp": 18,
      "fn": 9,
      "tn": 184,
      "border_fired": 6,
      "border_skipped": 9,
      "missing": 0,
      "precision": 0.25,
      "recall": 0.4,
      "f1": 0.3076923076923077
    },
    "F-03": {
      "tp": 42,
      "fp": 98,
      "fn": 16,
      "tn": 121,
      "border_fired": 13,
      "border_skipped": 10,
      "missing": 0,
      "precision": 0.3,
      "recall": 0.7241379310344828,
      "f1": 0.42424242424242425
    },
    "F-04": {
      "tp": 18,
      "fp": 23,
      "fn": 0,
      "tn": 0,
      "border_fired": 2,
      "border_skipped": 0,
      "missing": 0,
      "precision": 0.43902439024390244,
      "recall": 1.0,
      "f1": 0.6101694915254238
    },
    "G-01": {
      "tp": 47,
      "fp": 107,
      "fn": 22,
      "tn": 79,
      "border_fired": 16,
      "border_skipped": 29,
      "missing": 0,
      "precision": 0.3051948051948052,
      "recall": 0.6811594202898551,
      "f1": 0.4215246636771301
    },
    "G-03": {
      "tp": 8,
      "fp": 4,
      "fn": 2,
      "tn": 72,
      "border_fired": 2,
      "border_skipped": 12,
      "missing": 0,
      "precision": 0.6666666666666666,
      "recall": 0.8,
      "f1": 0.7272727272727272
    },
    "G-04": {
      "tp": 11,
      "fp": 15,
      "fn": 2,
      "tn": 112,
      "border_fired": 1,
      "border_skipped": 2,
      "missing": 0,
      "precision": 0.4230769230769231,
      "recall": 0.8461538461538461,
      "f1": 0.5641025641025641
    },
    "L-01": {
      "tp": 27,
      "fp": 116,
      "fn": 6,
      "tn": 116,
      "border_fired": 23,
      "border_skipped": 12,
      "missing": 0,
      "precision": 0.1888111888111888,
      "recall": 0.8181818181818182,
      "f1": 0.30681818181818177
    },
    "L-03": {
      "tp": 2,
      "fp": 2,
      "fn": 2,
      "tn": 288,
      "border_fired": 0,
      "border_skipped": 6,
      "missing": 0,
      "precision": 0.5,
      "recall": 0.5,
      "f1": 0.5
    },
    "S-04": {
      "tp": 20,
      "fp": 91,
      "fn": 9,
      "tn": 108,
      "border_fired": 23,
      "border_skipped": 48,
      "missing": 0,
      "precision": 0.18018018018018017,
      "recall": 0.6896551724137931,
      "f1": 0.2857142857142857
    }
  },
  "n_verdicts": 2050
}