{
  "overall": {
    "tp": 232,
    "fp": 158,
    "fn": 87,
    "tn": 1589,
    "border_fired": 91,
    "border_skipped": 176,
    "missing": 0,
    "precision": 0.5948717948717949,
    "recall": 0.7272727272727273,
    "f1": 0.6544428772919606,
    "lenient_precision": 0.6715176715176715,
    "lenient_recall": 0.7878048780487805,
    "lenient_f1": 0.7250280583613917
  },
  "per_rule": {
    "E-01": {
      "tp": 60,
      "fp": 51,
      "fn": 8,
      "tn": 128,
      "border_fired": 34,
      "border_skipped": 19,
      "missing": 0,
      "precision": 0.5405405405405406,
      "recall": 0.8823529411764706,
      "f1": 0.6703910614525139,
      "lenient_precision": 0.6482758620689655,
      "lenient_recall": 0.9215686274509803,
      "lenient_f1": 0.7611336032388665
    },
    "F-02": {
      "tp": 6,
      "fp": 0,
      "fn": 9,
      "tn": 202,
      "border_fired": 0,
      "border_skipped": 15,
      "missing": 0,
      "precision": 1.0,
      "recall": 0.4,
      "f1": 0.5714285714285715,
      "lenient_precision": 1.0,
      "lenient_recall": 0.4,
      "lenient_f1": 0.5714285714285715
    },
    "F-03": {
      "tp": 39,
      "fp": 22,
      "fn": 19,
      "tn": 197,
      "border_fired": 11,
      "border_skipped": 12,
      "missing": 0,
      "precision": 0.639344262295082,
      "recall": 0.6724137931034483,
      "f1": 0.6554621848739496,
      "lenient_precision": 0.6944444444444444,
      "lenient_recall": 0.7246376811594203,
      "lenient_f1": 0.7092198581560285
    },
    "F-04": {
      "tp": 16,
      "fp": 7,
      "fn": 2,
      "tn": 16,
      "border_fired": 2,
      "border_skipped": 0,
      "missing": 0,
      "precision": 0.6956521739130435,
      "recall": 0.8888888888888888,
      "f1": 0.7804878048780488,
      "lenient_precision": 0.72,
      "lenient_recall": 0.9,
      "lenient_f1": 0.7999999999999999
    },
    "F-05": {
      "tp": 2,
      "fp": 0,
      "fn": 0,
      "tn": 7,
      "border_fired": 0,
      "border_skipped": 0,
      "missing": 0,
      "precision": 1.0,
      "recall": 1.0,
      "f1": 1.0,
      "lenient_precision": 1.0,
      "lenient_recall": 1.0,
      "lenient_f1": 1.0
    },
    "G-01": {
      "tp": 50,
      "fp": 50,
      "fn": 19,
      "tn": 136,
      "border_fired": 18,
      "border_skipped": 27,
      "missing": 0,
      "precision": 0.5,
      "recall": 0.7246376811594203,
      "f1": 0.5917159763313609,
      "lenient_precision": 0.576271186440678,
      "lenient_recall": 0.7816091954022989,
      "lenient_f1": 0.6634146341463415
    },
    "G-03": {
      "tp": 8,
      "fp": 2,
      "fn": 2,
      "tn": 74,
      "border_fired": 2,
      "border_skipped": 12,
      "missing": 0,
      "precision": 0.8,
      "recall": 0.8,
      "f1": 0.8000000000000002,
      "lenient_precision": 0.8333333333333334,
      "lenient_recall": 0.8333333333333334,
      "lenient_f1": 0.8333333333333334
    },
    "G-04": {
      "tp": 11,
      "fp": 0,
      "fn": 2,
      "tn": 127,
      "border_fired": 1,
      "border_skipped": 2,
      "missing": 0,
      "precision": 1.0,
      "recall": 0.8461538461538461,
      "f1": 0.9166666666666666,
      "lenient_precision": 1.0,
      "lenient_recall": 0.8571428571428571,
      "lenient_f1": 0.923076923076923
    },
    "L-01": {
      "tp": 24,
      "fp": 7,
      "fn": 9,
      "tn": 225,
      "border_fired": 13,
      "border_skipped": 22,
      "missing": 0,
      "precision": 0.7741935483870968,
      "recall": 0.7272727272727273,
      "f1": 0.7500000000000001,
      "lenient_precision": 0.8409090909090909,
      "lenient_recall": 0.8043478260869565,
      "lenient_f1": 0.8222222222222223
    },
    "L-02": {
      "tp": 0,
      "fp": 5,
      "fn": 0,
      "tn": 2,
      "border_fired": 0,
      "border_skipped": 0,
      "missing": 0,
      "precision": 0.0,
      "recall": null,
      "f1": null,
      "lenient_precision": 0.0,
      "lenient_recall": null,
      "lenient_f1": null
    },
    "L-03": {
      "tp": 2,
      "fp": 0,
      "fn": 2,
      "tn": 290,
      "border_fired": 0,
      "border_skipped": 6,
      "missing": 0,
      "precision": 1.0,
      "recall": 0.5,
      "f1": 0.6666666666666666,
      "lenient_precision": 1.0,
      "lenient_recall": 0.5,
      "lenient_f1": 0.6666666666666666
    },
    "S-04": {
      "tp": 14,
      "fp": 14,
      "fn": 15,
      "tn": 185,
      "border_fired": 10,
      "border_skipped": 61,
      "missing": 0,
      "precision": 0.5,
      "recall": 0.4827586206896552,
      "f1": 0.49122807017543857,
      "lenient_precision": 0.631578947368421,
      "lenient_recall": 0.6153846153846154,
      "lenient_f1": 0.6233766233766234
    }
  },
  "n_verdicts": 2066
}