{
  "overall": {
    "tp": 242,
    "fp": 938,
    "fn": 75,
    "tn": 795,
    "border_fired": 155,
    "border_skipped": 112,
    "missing": 0,
    "precision": 0.20508474576271185,
    "recall": 0.7634069400630915,
    "f1": 0.323313293253173
  },
  "per_rule": {
    "E-01": {
      "tp": 50,
      "fp": 107,
      "fn": 18,
      "tn": 72,
      "border_fired": 38,
      "border_skipped": 15,
      "missing": 0,
      "precision": 0.3184713375796178,
      "recall": 0.7352941176470589,
      "f1": 0.4444444444444445
    },
    "F-02": {
      "tp": 12,
      "fp": 157,
      "fn": 3,
      "tn": 45,
      "border_fired": 8,
      "border_skipped": 7,
      "missing": 0,
      "precision": 0.07100591715976332,
      "recall": 0.8,
      "f1": 0.13043478260869565
    },
    "F-03": {
      "tp": 45,
      "fp": 108,
      "fn": 13,
      "tn": 111,
      "border_fired": 16,
      "border_skipped": 7,
      "missing": 0,
      "precision": 0.29411764705882354,
      "recall": 0.7758620689655172,
      "f1": 0.4265402843601896
    },
    "F-04": {
      "tp": 18,
      "fp": 23,
      "fn": 0,
      "tn": 0,
      "border_fired": 2,
      "border_skipped": 0,
      "missing": 0,
      "precision": 0.43902439024390244,
      "recall": 1.0,
      "f1": 0.6101694915254238
    },
    "G-01": {
      "tp": 47,
      "fp": 114,
      "fn": 22,
      "tn": 72,
      "border_fired": 17,
      "border_skipped": 28,
      "missing": 0,
      "precision": 0.2919254658385093,
      "recall": 0.6811594202898551,
      "f1": 0.408695652173913
    },
    "G-03": {
      "tp": 8,
      "fp": 4,
      "fn": 2,
      "tn": 72,
      "border_fired": 2,
      "border_skipped": 12,
      "missing": 0,
      "precision": 0.6666666666666666,
      "recall": 0.8,
      "f1": 0.7272727272727272
    },
    "G-04": {
      "tp": 13,
      "fp": 125,
      "fn": 0,
      "tn": 2,
      "border_fired": 3,
      "border_skipped": 0,
      "missing": 0,
      "precision": 0.09420289855072464,
      "recall": 1.0,
      "f1": 0.17218543046357618
    },
    "L-01": {
      "tp": 24,
      "fp": 160,
      "fn": 9,
      "tn": 72,
      "border_fired": 22,
      "border_skipped": 13,
      "missing": 0,
      "precision": 0.13043478260869565,
      "recall": 0.7272727272727273,
      "f1": 0.22119815668202764
    },
    "L-03": {
      "tp": 0,
      "fp": 0,
      "fn": 4,
      "tn": 290,
      "border_fired": 0,
      "border_skipped": 6,
      "missing": 0,
      "precision": null,
      "recall": 0.0,
      "f1": null
    },
    "S-04": {
      "tp": 25,
      "fp": 140,
      "fn": 4,
      "tn": 59,
      "border_fired": 47,
      "border_skipped": 24,
      "missing": 0,
      "precision": 0.15151515151515152,
      "recall": 0.8620689655172413,
      "f1": 0.25773195876288657
    }
  },
  "n_verdicts": 2050
}