{
  "overall": {
    "tp": 212,
    "fp": 365,
    "fn": 105,
    "tn": 1368,
    "border_fired": 98,
    "border_skipped": 169,
    "missing": 0,
    "precision": 0.36741767764298094,
    "recall": 0.668769716088328,
    "f1": 0.47427293064876963,
    "lenient_precision": 0.45925925925925926,
    "lenient_recall": 0.7469879518072289,
    "lenient_f1": 0.5688073394495413
  },
  "per_rule": {
    "E-01": {
      "tp": 50,
      "fp": 102,
      "fn": 18,
      "tn": 77,
      "border_fired": 37,
      "border_skipped": 16,
      "missing": 0,
      "precision": 0.32894736842105265,
      "recall": 0.7352941176470589,
      "f1": 0.4545454545454546,
      "lenient_precision": 0.4603174603174603,
      "lenient_recall": 0.8285714285714286,
      "lenient_f1": 0.5918367346938775
    },
    "F-02": {
      "tp": 5,
      "fp": 5,
      "fn": 10,
      "tn": 197,
      "border_fired": 1,
      "border_skipped": 14,
      "missing": 0,
      "precision": 0.5,
      "recall": 0.3333333333333333,
      "f1": 0.4,
      "lenient_precision": 0.5454545454545454,
      "lenient_recall": 0.375,
      "lenient_f1": 0.4444444444444444
    },
    "F-03": {
      "tp": 39,
      "fp": 58,
      "fn": 19,
      "tn": 161,
      "border_fired": 11,
      "border_skipped": 12,
      "missing": 0,
      "precision": 0.4020618556701031,
      "recall": 0.6724137931034483,
      "f1": 0.5032258064516129,
      "lenient_precision": 0.46296296296296297,
      "lenient_recall": 0.7246376811594203,
      "lenient_f1": 0.5649717514124294
    },
    "F-04": {
      "tp": 18,
      "fp": 19,
      "fn": 0,
      "tn": 4,
      "border_fired": 2,
      "border_skipped": 0,
      "missing": 0,
      "precision": 0.4864864864864865,
      "recall": 1.0,
      "f1": 0.6545454545454547,
      "lenient_precision": 0.5128205128205128,
      "lenient_recall": 1.0,
      "lenient_f1": 0.6779661016949152
    },
    "G-01": {
      "tp": 43,
      "fp": 76,
      "fn": 26,
      "tn": 110,
      "border_fired": 15,
      "border_skipped": 30,
      "missing": 0,
      "precision": 0.36134453781512604,
      "recall": 0.6231884057971014,
      "f1": 0.4574468085106383,
      "lenient_precision": 0.43283582089552236,
      "lenient_recall": 0.6904761904761905,
      "lenient_f1": 0.5321100917431193
    },
    "G-03": {
      "tp": 8,
      "fp": 4,
      "fn": 2,
      "tn": 72,
      "border_fired": 2,
      "border_skipped": 12,
      "missing": 0,
      "precision": 0.6666666666666666,
      "recall": 0.8,
      "f1": 0.7272727272727272,
      "lenient_precision": 0.7142857142857143,
      "lenient_recall": 0.8333333333333334,
      "lenient_f1": 0.7692307692307692
    },
    "G-04": {
      "tp": 11,
      "fp": 0,
      "fn": 2,
      "tn": 127,
      "border_fired": 1,
      "border_skipped": 2,
      "missing": 0,
      "precision": 1.0,
      "recall": 0.8461538461538461,
      "f1": 0.9166666666666666,
      "lenient_precision": 1.0,
      "lenient_recall": 0.8571428571428571,
      "lenient_f1": 0.923076923076923
    },
    "L-01": {
      "tp": 24,
      "fp": 69,
      "fn": 9,
      "tn": 163,
      "border_fired": 17,
      "border_skipped": 18,
      "missing": 0,
      "precision": 0.25806451612903225,
      "recall": 0.7272727272727273,
      "f1": 0.38095238095238093,
      "lenient_precision": 0.37272727272727274,
      "lenient_recall": 0.82,
      "lenient_f1": 0.5125000000000001
    },
    "L-03": {
      "tp": 2,
      "fp": 2,
      "fn": 2,
      "tn": 288,
      "border_fired": 0,
      "border_skipped": 6,
      "missing": 0,
      "precision": 0.5,
      "recall": 0.5,
      "f1": 0.5,
      "lenient_precision": 0.5,
      "lenient_recall": 0.5,
      "lenient_f1": 0.5
    },
    "S-04": {
      "tp": 12,
      "fp": 30,
      "fn": 17,
      "tn": 169,
      "border_fired": 12,
      "border_skipped": 59,
      "missing": 0,
      "precision": 0.2857142857142857,
      "recall": 0.41379310344827586,
      "f1": 0.3380281690140845,
      "lenient_precision": 0.4444444444444444,
      "lenient_recall": 0.5853658536585366,
      "lenient_f1": 0.5052631578947369
    }
  },
  "n_verdicts": 2050
}