{
  "overall": {
    "tp": 139,
    "fp": 47,
    "fn": 180,
    "tn": 1700,
    "border_fired": 31,
    "border_skipped": 236,
    "missing": 0,
    "unmapped": 0,
    "precision": 0.7473118279569892,
    "recall": 0.43573667711598746,
    "f1": 0.5504950495049505
  },
  "per_rule": {
    "E-01": {
      "tp": 14,
      "fp": 3,
      "fn": 54,
      "tn": 176,
      "border_fired": 6,
      "border_skipped": 47,
      "missing": 0,
      "unmapped": 0,
      "precision": 0.8235294117647058,
      "recall": 0.20588235294117646,
      "f1": 0.32941176470588235
    },
    "F-02": {
      "tp": 6,
      "fp": 0,
      "fn": 9,
      "tn": 202,
      "border_fired": 0,
      "border_skipped": 15,
      "missing": 0,
      "unmapped": 0,
      "precision": 1.0,
      "recall": 0.4,
      "f1": 0.5714285714285715
    },
    "F-03": {
      "tp": 22,
      "fp": 5,
      "fn": 36,
      "tn": 214,
      "border_fired": 2,
      "border_skipped": 21,
      "missing": 0,
      "unmapped": 0,
      "precision": 0.8148148148148148,
      "recall": 0.3793103448275862,
      "f1": 0.5176470588235293
    },
    "F-04": {
      "tp": 16,
      "fp": 1,
      "fn": 2,
      "tn": 22,
      "border_fired": 1,
      "border_skipped": 1,
      "missing": 0,
      "unmapped": 0,
      "precision": 0.9411764705882353,
      "recall": 0.8888888888888888,
      "f1": 0.9142857142857143
    },
    "F-05": {
      "tp": 2,
      "fp": 0,
      "fn": 0,
      "tn": 7,
      "border_fired": 0,
      "border_skipped": 0,
      "missing": 0,
      "unmapped": 0,
      "precision": 1.0,
      "recall": 1.0,
      "f1": 1.0
    },
    "G-01": {
      "tp": 31,
      "fp": 31,
      "fn": 38,
      "tn": 155,
      "border_fired": 15,
      "border_skipped": 30,
      "missing": 0,
      "unmapped": 0,
      "precision": 0.5,
      "recall": 0.4492753623188406,
      "f1": 0.4732824427480916
    },
    "G-03": {
      "tp": 8,
      "fp": 0,
      "fn": 2,
      "tn": 76,
      "border_fired": 2,
      "border_skipped": 12,
      "missing": 0,
      "unmapped": 0,
      "precision": 1.0,
      "recall": 0.8,
      "f1": 0.888888888888889
    },
    "G-04": {
      "tp": 10,
      "fp": 0,
      "fn": 3,
      "tn": 127,
      "border_fired": 1,
      "border_skipped": 2,
      "missing": 0,
      "unmapped": 0,
      "precision": 1.0,
      "recall": 0.7692307692307693,
      "f1": 0.8695652173913044
    },
    "L-01": {
      "tp": 20,
      "fp": 2,
      "fn": 13,
      "tn": 230,
      "border_fired": 3,
      "border_skipped": 32,
      "missing": 0,
      "unmapped": 0,
      "precision": 0.9090909090909091,
      "recall": 0.6060606060606061,
      "f1": 0.7272727272727273
    },
    "L-02": {
      "tp": 0,
      "fp": 0,
      "fn": 0,
      "tn": 7,
      "border_fired": 0,
      "border_skipped": 0,
      "missing": 0,
      "unmapped": 0,
      "precision": null,
      "recall": null,
      "f1": null
    },
    "L-03": {
      "tp": 2,
      "fp": 0,
      "fn": 2,
      "tn": 290,
      "border_fired": 0,
      "border_skipped": 6,
      "missing": 0,
      "unmapped": 0,
      "precision": 1.0,
      "recall": 0.5,
      "f1": 0.6666666666666666
    },
    "S-04": {
      "tp": 8,
      "fp": 5,
      "fn": 21,
      "tn": 194,
      "border_fired": 1,
      "border_skipped": 70,
      "missing": 0,
      "unmapped": 0,
      "precision": 0.6153846153846154,
      "recall": 0.27586206896551724,
      "f1": 0.380952380952381
    }
  },
  "n_verdicts": 2066
}