{
  "overall": {
    "tp": 230,
    "fp": 514,
    "fn": 87,
    "tn": 1219,
    "border_fired": 116,
    "border_skipped": 151,
    "missing": 0,
    "precision": 0.30913978494623656,
    "recall": 0.7255520504731862,
    "f1": 0.43355325164938735,
    "lenient_precision": 0.40232558139534885,
    "lenient_recall": 0.7990762124711316,
    "lenient_f1": 0.5351894818252128
  },
  "per_rule": {
    "E-01": {
      "tp": 50,
      "fp": 102,
      "fn": 18,
      "tn": 77,
      "border_fired": 37,
      "border_skipped": 16,
      "missing": 0,
      "precision": 0.32894736842105265,
      "recall": 0.7352941176470589,
      "f1": 0.4545454545454546,
      "lenient_precision": 0.4603174603174603,
      "lenient_recall": 0.8285714285714286,
      "lenient_f1": 0.5918367346938775
    },
    "F-02": {
      "tp": 6,
      "fp": 15,
      "fn": 9,
      "tn": 187,
      "border_fired": 6,
      "border_skipped": 9,
      "missing": 0,
      "precision": 0.2857142857142857,
      "recall": 0.4,
      "f1": 0.3333333333333333,
      "lenient_precision": 0.4444444444444444,
      "lenient_recall": 0.5714285714285714,
      "lenient_f1": 0.5
    },
    "F-03": {
      "tp": 42,
      "fp": 85,
      "fn": 16,
      "tn": 134,
      "border_fired": 11,
      "border_skipped": 12,
      "missing": 0,
      "precision": 0.33070866141732286,
      "recall": 0.7241379310344828,
      "f1": 0.45405405405405413,
      "lenient_precision": 0.38405797101449274,
      "lenient_recall": 0.7681159420289855,
      "lenient_f1": 0.5120772946859903
    },
    "F-04": {
      "tp": 18,
      "fp": 19,
      "fn": 0,
      "tn": 4,
      "border_fired": 2,
      "border_skipped": 0,
      "missing": 0,
      "precision": 0.4864864864864865,
      "recall": 1.0,
      "f1": 0.6545454545454547,
      "lenient_precision": 0.5128205128205128,
      "lenient_recall": 1.0,
      "lenient_f1": 0.6779661016949152
    },
    "G-01": {
      "tp": 47,
      "fp": 103,
      "fn": 22,
      "tn": 83,
      "border_fired": 16,
      "border_skipped": 29,
      "missing": 0,
      "precision": 0.31333333333333335,
      "recall": 0.6811594202898551,
      "f1": 0.4292237442922374,
      "lenient_precision": 0.3795180722891566,
      "lenient_recall": 0.7411764705882353,
      "lenient_f1": 0.50199203187251
    },
    "G-03": {
      "tp": 8,
      "fp": 4,
      "fn": 2,
      "tn": 72,
      "border_fired": 2,
      "border_skipped": 12,
      "missing": 0,
      "precision": 0.6666666666666666,
      "recall": 0.8,
      "f1": 0.7272727272727272,
      "lenient_precision": 0.7142857142857143,
      "lenient_recall": 0.8333333333333334,
      "lenient_f1": 0.7692307692307692
    },
    "G-04": {
      "tp": 11,
      "fp": 15,
      "fn": 2,
      "tn": 112,
      "border_fired": 1,
      "border_skipped": 2,
      "missing": 0,
      "precision": 0.4230769230769231,
      "recall": 0.8461538461538461,
      "f1": 0.5641025641025641,
      "lenient_precision": 0.4444444444444444,
      "lenient_recall": 0.8571428571428571,
      "lenient_f1": 0.5853658536585367
    },
    "L-01": {
      "tp": 26,
      "fp": 93,
      "fn": 7,
      "tn": 139,
      "border_fired": 21,
      "border_skipped": 14,
      "missing": 0,
      "precision": 0.2184873949579832,
      "recall": 0.7878787878787878,
      "f1": 0.34210526315789475,
      "lenient_precision": 0.3357142857142857,
      "lenient_recall": 0.8703703703703703,
      "lenient_f1": 0.48453608247422675
    },
    "L-03": {
      "tp": 2,
      "fp": 2,
      "fn": 2,
      "tn": 288,
      "border_fired": 0,
      "border_skipped": 6,
      "missing": 0,
      "precision": 0.5,
      "recall": 0.5,
      "f1": 0.5,
      "lenient_precision": 0.5,
      "lenient_recall": 0.5,
      "lenient_f1": 0.5
    },
    "S-04": {
      "tp": 20,
      "fp": 76,
      "fn": 9,
      "tn": 123,
      "border_fired": 20,
      "border_skipped": 51,
      "missing": 0,
      "precision": 0.20833333333333334,
      "recall": 0.6896551724137931,
      "f1": 0.32,
      "lenient_precision": 0.3448275862068966,
      "lenient_recall": 0.8163265306122449,
      "lenient_f1": 0.4848484848484849
    }
  },
  "n_verdicts": 2050
}