{
  "overall": {
    "tp": 168,
    "fp": 20,
    "fn": 152,
    "tn": 1734,
    "border_fired": 28,
    "border_skipped": 239,
    "missing": 0,
    "unmapped": 0,
    "precision": 0.8936170212765957,
    "recall": 0.525,
    "f1": 0.6614173228346456
  },
  "per_rule": {
    "E-01": {
      "tp": 14,
      "fp": 3,
      "fn": 54,
      "tn": 176,
      "border_fired": 6,
      "border_skipped": 47,
      "missing": 0,
      "unmapped": 0,
      "precision": 0.8235294117647058,
      "recall": 0.20588235294117646,
      "f1": 0.32941176470588235
    },
    "F-02": {
      "tp": 8,
      "fp": 1,
      "fn": 7,
      "tn": 201,
      "border_fired": 0,
      "border_skipped": 15,
      "missing": 0,
      "unmapped": 0,
      "precision": 0.8888888888888888,
      "recall": 0.5333333333333333,
      "f1": 0.6666666666666667
    },
    "F-03": {
      "tp": 37,
      "fp": 6,
      "fn": 21,
      "tn": 213,
      "border_fired": 2,
      "border_skipped": 21,
      "missing": 0,
      "unmapped": 0,
      "precision": 0.8604651162790697,
      "recall": 0.6379310344827587,
      "f1": 0.7326732673267328
    },
    "F-04": {
      "tp": 18,
      "fp": 1,
      "fn": 0,
      "tn": 22,
      "border_fired": 1,
      "border_skipped": 1,
      "missing": 0,
      "unmapped": 0,
      "precision": 0.9473684210526315,
      "recall": 1.0,
      "f1": 0.972972972972973
    },
    "F-05": {
      "tp": 2,
      "fp": 0,
      "fn": 0,
      "tn": 7,
      "border_fired": 0,
      "border_skipped": 0,
      "missing": 0,
      "unmapped": 0,
      "precision": 1.0,
      "recall": 1.0,
      "f1": 1.0
    },
    "G-01": {
      "tp": 19,
      "fp": 3,
      "fn": 50,
      "tn": 183,
      "border_fired": 8,
      "border_skipped": 37,
      "missing": 0,
      "unmapped": 0,
      "precision": 0.8636363636363636,
      "recall": 0.2753623188405797,
      "f1": 0.4175824175824176
    },
    "G-03": {
      "tp": 10,
      "fp": 0,
      "fn": 0,
      "tn": 76,
      "border_fired": 3,
      "border_skipped": 11,
      "missing": 0,
      "unmapped": 0,
      "precision": 1.0,
      "recall": 1.0,
      "f1": 1.0
    },
    "G-04": {
      "tp": 10,
      "fp": 0,
      "fn": 3,
      "tn": 127,
      "border_fired": 1,
      "border_skipped": 2,
      "missing": 0,
      "unmapped": 0,
      "precision": 1.0,
      "recall": 0.7692307692307693,
      "f1": 0.8695652173913044
    },
    "L-01": {
      "tp": 28,
      "fp": 4,
      "fn": 5,
      "tn": 228,
      "border_fired": 3,
      "border_skipped": 32,
      "missing": 0,
      "unmapped": 0,
      "precision": 0.875,
      "recall": 0.8484848484848485,
      "f1": 0.8615384615384615
    },
    "L-02": {
      "tp": 1,
      "fp": 0,
      "fn": 0,
      "tn": 14,
      "border_fired": 0,
      "border_skipped": 0,
      "missing": 0,
      "unmapped": 0,
      "precision": 1.0,
      "recall": 1.0,
      "f1": 1.0
    },
    "L-03": {
      "tp": 2,
      "fp": 0,
      "fn": 2,
      "tn": 290,
      "border_fired": 0,
      "border_skipped": 6,
      "missing": 0,
      "unmapped": 0,
      "precision": 1.0,
      "recall": 0.5,
      "f1": 0.6666666666666666
    },
    "S-04": {
      "tp": 19,
      "fp": 2,
      "fn": 10,
      "tn": 197,
      "border_fired": 4,
      "border_skipped": 67,
      "missing": 0,
      "unmapped": 0,
      "precision": 0.9047619047619048,
      "recall": 0.6551724137931034,
      "f1": 0.7599999999999999
    }
  },
  "n_verdicts": 2074
}