{
  "overall": {
    "tp": 204,
    "fp": 308,
    "fn": 113,
    "tn": 1425,
    "border_fired": 93,
    "border_skipped": 174,
    "missing": 0,
    "precision": 0.3984375,
    "recall": 0.6435331230283912,
    "f1": 0.4921592279855247,
    "lenient_precision": 0.4909090909090909,
    "lenient_recall": 0.724390243902439,
    "lenient_f1": 0.5852216748768473
  },
  "per_rule": {
    "E-01": {
      "tp": 49,
      "fp": 94,
      "fn": 19,
      "tn": 85,
      "border_fired": 37,
      "border_skipped": 16,
      "missing": 0,
      "precision": 0.34265734265734266,
      "recall": 0.7205882352941176,
      "f1": 0.46445497630331756,
      "lenient_precision": 0.4777777777777778,
      "lenient_recall": 0.819047619047619,
      "lenient_f1": 0.6035087719298246
    },
    "F-02": {
      "tp": 5,
      "fp": 5,
      "fn": 10,
      "tn": 197,
      "border_fired": 1,
      "border_skipped": 14,
      "missing": 0,
      "precision": 0.5,
      "recall": 0.3333333333333333,
      "f1": 0.4,
      "lenient_precision": 0.5454545454545454,
      "lenient_recall": 0.375,
      "lenient_f1": 0.4444444444444444
    },
    "F-03": {
      "tp": 36,
      "fp": 46,
      "fn": 22,
      "tn": 173,
      "border_fired": 10,
      "border_skipped": 13,
      "missing": 0,
      "precision": 0.43902439024390244,
      "recall": 0.6206896551724138,
      "f1": 0.5142857142857142,
      "lenient_precision": 0.5,
      "lenient_recall": 0.6764705882352942,
      "lenient_f1": 0.5750000000000001
    },
    "F-04": {
      "tp": 18,
      "fp": 18,
      "fn": 0,
      "tn": 5,
      "border_fired": 2,
      "border_skipped": 0,
      "missing": 0,
      "precision": 0.5,
      "recall": 1.0,
      "f1": 0.6666666666666666,
      "lenient_precision": 0.5263157894736842,
      "lenient_recall": 1.0,
      "lenient_f1": 0.6896551724137931
    },
    "G-01": {
      "tp": 40,
      "fp": 57,
      "fn": 29,
      "tn": 129,
      "border_fired": 15,
      "border_skipped": 30,
      "missing": 0,
      "precision": 0.41237113402061853,
      "recall": 0.5797101449275363,
      "f1": 0.4819277108433735,
      "lenient_precision": 0.49107142857142855,
      "lenient_recall": 0.6547619047619048,
      "lenient_f1": 0.5612244897959184
    },
    "G-03": {
      "tp": 8,
      "fp": 2,
      "fn": 2,
      "tn": 74,
      "border_fired": 2,
      "border_skipped": 12,
      "missing": 0,
      "precision": 0.8,
      "recall": 0.8,
      "f1": 0.8000000000000002,
      "lenient_precision": 0.8333333333333334,
      "lenient_recall": 0.8333333333333334,
      "lenient_f1": 0.8333333333333334
    },
    "G-04": {
      "tp": 11,
      "fp": 0,
      "fn": 2,
      "tn": 127,
      "border_fired": 1,
      "border_skipped": 2,
      "missing": 0,
      "precision": 1.0,
      "recall": 0.8461538461538461,
      "f1": 0.9166666666666666,
      "lenient_precision": 1.0,
      "lenient_recall": 0.8571428571428571,
      "lenient_f1": 0.923076923076923
    },
    "L-01": {
      "tp": 24,
      "fp": 65,
      "fn": 9,
      "tn": 167,
      "border_fired": 17,
      "border_skipped": 18,
      "missing": 0,
      "precision": 0.2696629213483146,
      "recall": 0.7272727272727273,
      "f1": 0.39344262295081966,
      "lenient_precision": 0.3867924528301887,
      "lenient_recall": 0.82,
      "lenient_f1": 0.5256410256410257
    },
    "L-03": {
      "tp": 2,
      "fp": 2,
      "fn": 2,
      "tn": 288,
      "border_fired": 0,
      "border_skipped": 6,
      "missing": 0,
      "precision": 0.5,
      "recall": 0.5,
      "f1": 0.5,
      "lenient_precision": 0.5,
      "lenient_recall": 0.5,
      "lenient_f1": 0.5
    },
    "S-04": {
      "tp": 11,
      "fp": 19,
      "fn": 18,
      "tn": 180,
      "border_fired": 8,
      "border_skipped": 63,
      "missing": 0,
      "precision": 0.36666666666666664,
      "recall": 0.3793103448275862,
      "f1": 0.3728813559322034,
      "lenient_precision": 0.5,
      "lenient_recall": 0.5135135135135135,
      "lenient_f1": 0.5066666666666666
    }
  },
  "n_verdicts": 2050
}