{
  "overall": {
    "tp": 235,
    "fp": 634,
    "fn": 82,
    "tn": 1099,
    "border_fired": 136,
    "border_skipped": 131,
    "missing": 0,
    "precision": 0.27042577675489066,
    "recall": 0.7413249211356467,
    "f1": 0.39629005059021916
  },
  "per_rule": {
    "E-01": {
      "tp": 50,
      "fp": 107,
      "fn": 18,
      "tn": 72,
      "border_fired": 38,
      "border_skipped": 15,
      "missing": 0,
      "precision": 0.3184713375796178,
      "recall": 0.7352941176470589,
      "f1": 0.4444444444444445
    },
    "F-02": {
      "tp": 7,
      "fp": 36,
      "fn": 8,
      "tn": 166,
      "border_fired": 8,
      "border_skipped": 7,
      "missing": 0,
      "precision": 0.16279069767441862,
      "recall": 0.4666666666666667,
      "f1": 0.24137931034482765
    },
    "F-03": {
      "tp": 44,
      "fp": 107,
      "fn": 14,
      "tn": 112,
      "border_fired": 16,
      "border_skipped": 7,
      "missing": 0,
      "precision": 0.2913907284768212,
      "recall": 0.7586206896551724,
      "f1": 0.42105263157894735
    },
    "F-04": {
      "tp": 18,
      "fp": 23,
      "fn": 0,
      "tn": 0,
      "border_fired": 2,
      "border_skipped": 0,
      "missing": 0,
      "precision": 0.43902439024390244,
      "recall": 1.0,
      "f1": 0.6101694915254238
    },
    "G-01": {
      "tp": 47,
      "fp": 109,
      "fn": 22,
      "tn": 77,
      "border_fired": 16,
      "border_skipped": 29,
      "missing": 0,
      "precision": 0.30128205128205127,
      "recall": 0.6811594202898551,
      "f1": 0.4177777777777778
    },
    "G-03": {
      "tp": 8,
      "fp": 4,
      "fn": 2,
      "tn": 72,
      "border_fired": 2,
      "border_skipped": 12,
      "missing": 0,
      "precision": 0.6666666666666666,
      "recall": 0.8,
      "f1": 0.7272727272727272
    },
    "G-04": {
      "tp": 11,
      "fp": 15,
      "fn": 2,
      "tn": 112,
      "border_fired": 1,
      "border_skipped": 2,
      "missing": 0,
      "precision": 0.4230769230769231,
      "recall": 0.8461538461538461,
      "f1": 0.5641025641025641
    },
    "L-01": {
      "tp": 27,
      "fp": 118,
      "fn": 6,
      "tn": 114,
      "border_fired": 23,
      "border_skipped": 12,
      "missing": 0,
      "precision": 0.18620689655172415,
      "recall": 0.8181818181818182,
      "f1": 0.3033707865168539
    },
    "L-03": {
      "tp": 2,
      "fp": 2,
      "fn": 2,
      "tn": 288,
      "border_fired": 0,
      "border_skipped": 6,
      "missing": 0,
      "precision": 0.5,
      "recall": 0.5,
      "f1": 0.5
    },
    "S-04": {
      "tp": 21,
      "fp": 113,
      "fn": 8,
      "tn": 86,
      "border_fired": 30,
      "border_skipped": 41,
      "missing": 0,
      "precision": 0.15671641791044777,
      "recall": 0.7241379310344828,
      "f1": 0.25766871165644173
    }
  },
  "n_verdicts": 2050
}