{
  "overall": {
    "tp": 246,
    "fp": 763,
    "fn": 71,
    "tn": 970,
    "border_fired": 155,
    "border_skipped": 112,
    "missing": 0,
    "precision": 0.24380574826560952,
    "recall": 0.7760252365930599,
    "f1": 0.3710407239819004
  },
  "per_rule": {
    "E-01": {
      "tp": 50,
      "fp": 107,
      "fn": 18,
      "tn": 72,
      "border_fired": 38,
      "border_skipped": 15,
      "missing": 0,
      "precision": 0.3184713375796178,
      "recall": 0.7352941176470589,
      "f1": 0.4444444444444445
    },
    "F-02": {
      "tp": 12,
      "fp": 96,
      "fn": 3,
      "tn": 106,
      "border_fired": 8,
      "border_skipped": 7,
      "missing": 0,
      "precision": 0.1111111111111111,
      "recall": 0.8,
      "f1": 0.19512195121951217
    },
    "F-03": {
      "tp": 45,
      "fp": 108,
      "fn": 13,
      "tn": 111,
      "border_fired": 16,
      "border_skipped": 7,
      "missing": 0,
      "precision": 0.29411764705882354,
      "recall": 0.7758620689655172,
      "f1": 0.4265402843601896
    },
    "F-04": {
      "tp": 18,
      "fp": 23,
      "fn": 0,
      "tn": 0,
      "border_fired": 2,
      "border_skipped": 0,
      "missing": 0,
      "precision": 0.43902439024390244,
      "recall": 1.0,
      "f1": 0.6101694915254238
    },
    "G-01": {
      "tp": 47,
      "fp": 114,
      "fn": 22,
      "tn": 72,
      "border_fired": 17,
      "border_skipped": 28,
      "missing": 0,
      "precision": 0.2919254658385093,
      "recall": 0.6811594202898551,
      "f1": 0.408695652173913
    },
    "G-03": {
      "tp": 8,
      "fp": 4,
      "fn": 2,
      "tn": 72,
      "border_fired": 2,
      "border_skipped": 12,
      "missing": 0,
      "precision": 0.6666666666666666,
      "recall": 0.8,
      "f1": 0.7272727272727272
    },
    "G-04": {
      "tp": 11,
      "fp": 15,
      "fn": 2,
      "tn": 112,
      "border_fired": 1,
      "border_skipped": 2,
      "missing": 0,
      "precision": 0.4230769230769231,
      "recall": 0.8461538461538461,
      "f1": 0.5641025641025641
    },
    "L-01": {
      "tp": 28,
      "fp": 154,
      "fn": 5,
      "tn": 78,
      "border_fired": 24,
      "border_skipped": 11,
      "missing": 0,
      "precision": 0.15384615384615385,
      "recall": 0.8484848484848485,
      "f1": 0.2604651162790698
    },
    "L-03": {
      "tp": 2,
      "fp": 2,
      "fn": 2,
      "tn": 288,
      "border_fired": 0,
      "border_skipped": 6,
      "missing": 0,
      "precision": 0.5,
      "recall": 0.5,
      "f1": 0.5
    },
    "S-04": {
      "tp": 25,
      "fp": 140,
      "fn": 4,
      "tn": 59,
      "border_fired": 47,
      "border_skipped": 24,
      "missing": 0,
      "precision": 0.15151515151515152,
      "recall": 0.8620689655172413,
      "f1": 0.25773195876288657
    }
  },
  "n_verdicts": 2050
}