{
  "overall": {
    "tp": 244,
    "fp": 721,
    "fn": 73,
    "tn": 1012,
    "border_fired": 153,
    "border_skipped": 114,
    "missing": 0,
    "precision": 0.2528497409326425,
    "recall": 0.7697160883280757,
    "f1": 0.38065522620904835
  },
  "per_rule": {
    "E-01": {
      "tp": 50,
      "fp": 107,
      "fn": 18,
      "tn": 72,
      "border_fired": 38,
      "border_skipped": 15,
      "missing": 0,
      "precision": 0.3184713375796178,
      "recall": 0.7352941176470589,
      "f1": 0.4444444444444445
    },
    "F-02": {
      "tp": 12,
      "fp": 96,
      "fn": 3,
      "tn": 106,
      "border_fired": 8,
      "border_skipped": 7,
      "missing": 0,
      "precision": 0.1111111111111111,
      "recall": 0.8,
      "f1": 0.19512195121951217
    },
    "F-03": {
      "tp": 44,
      "fp": 107,
      "fn": 14,
      "tn": 112,
      "border_fired": 16,
      "border_skipped": 7,
      "missing": 0,
      "precision": 0.2913907284768212,
      "recall": 0.7586206896551724,
      "f1": 0.42105263157894735
    },
    "F-04": {
      "tp": 18,
      "fp": 23,
      "fn": 0,
      "tn": 0,
      "border_fired": 2,
      "border_skipped": 0,
      "missing": 0,
      "precision": 0.43902439024390244,
      "recall": 1.0,
      "f1": 0.6101694915254238
    },
    "G-01": {
      "tp": 47,
      "fp": 109,
      "fn": 22,
      "tn": 77,
      "border_fired": 16,
      "border_skipped": 29,
      "missing": 0,
      "precision": 0.30128205128205127,
      "recall": 0.6811594202898551,
      "f1": 0.4177777777777778
    },
    "G-03": {
      "tp": 8,
      "fp": 4,
      "fn": 2,
      "tn": 72,
      "border_fired": 2,
      "border_skipped": 12,
      "missing": 0,
      "precision": 0.6666666666666666,
      "recall": 0.8,
      "f1": 0.7272727272727272
    },
    "G-04": {
      "tp": 11,
      "fp": 15,
      "fn": 2,
      "tn": 112,
      "border_fired": 1,
      "border_skipped": 2,
      "missing": 0,
      "precision": 0.4230769230769231,
      "recall": 0.8461538461538461,
      "f1": 0.5641025641025641
    },
    "L-01": {
      "tp": 27,
      "fp": 118,
      "fn": 6,
      "tn": 114,
      "border_fired": 23,
      "border_skipped": 12,
      "missing": 0,
      "precision": 0.18620689655172415,
      "recall": 0.8181818181818182,
      "f1": 0.3033707865168539
    },
    "L-03": {
      "tp": 2,
      "fp": 2,
      "fn": 2,
      "tn": 288,
      "border_fired": 0,
      "border_skipped": 6,
      "missing": 0,
      "precision": 0.5,
      "recall": 0.5,
      "f1": 0.5
    },
    "S-04": {
      "tp": 25,
      "fp": 140,
      "fn": 4,
      "tn": 59,
      "border_fired": 47,
      "border_skipped": 24,
      "missing": 0,
      "precision": 0.15151515151515152,
      "recall": 0.8620689655172413,
      "f1": 0.25773195876288657
    }
  },
  "n_verdicts": 2050
}