{
  "n_cases": 250,
  "haiku": {
    "f1": 0.4408602150537635,
    "ci_lo": 0.3468208092485549,
    "ci_hi": 0.5327896525510888,
    "coverage": 1.0
  },
  "rule": {
    "f1": 0.6607929515418502,
    "ci_lo": 0.5819341618191433,
    "ci_hi": 0.7288888888888888,
    "coverage": 1.0
  },
  "e1_text": {
    "f1": 0.7074235807860262,
    "ci_lo": 0.6354851990613034,
    "ci_hi": 0.7666666666666666,
    "coverage": 1.0
  },
  "e2_boost": {
    "f1": 0.6124401913875599,
    "ci_lo": 0.5305901820187535,
    "ci_hi": 0.685205314009662,
    "coverage": 1.0
  },
  "e3_combo": {
    "f1": 0.6933333333333335,
    "ci_lo": 0.6236934309869343,
    "ci_hi": 0.7572143362158046,
    "coverage": 1.0
  },
  "e4_select": {
    "f1": 0.6124401913875599,
    "ci_lo": 0.5305901820187535,
    "ci_hi": 0.685205314009662,
    "coverage": 1.0
  },
  "e4b_nested": {
    "f1": 0.6902654867256638,
    "ci_lo": 0.6181818181818182,
    "ci_hi": 0.753971506635441,
    "coverage": 1.0
  },
  "per_cat": {
    "구조": {
      "haiku": {
        "f1": 0.5957446808510639,
        "ci_lo": 0.3948780487804878,
        "ci_hi": 0.7388888888888888,
        "coverage": 1.0
      },
      "e4b_nested": {
        "f1": 0.7555555555555556,
        "ci_lo": 0.5819961489088575,
        "ci_hi": 0.881953488372093,
        "coverage": 1.0
      },
      "rule": {
        "f1": 0.7058823529411765,
        "ci_lo": 0.5454545454545454,
        "ci_hi": 0.8400000000000001,
        "coverage": 1.0
      }
    },
    "공정성": {
      "haiku": {
        "f1": 0.4615384615384615,
        "ci_lo": 0.25000000000000006,
        "ci_hi": 0.635310421286031,
        "coverage": 1.0
      },
      "e4b_nested": {
        "f1": 0.5789473684210525,
        "ci_lo": 0.3870967741935483,
        "ci_hi": 0.7535472972972971,
        "coverage": 1.0
      },
      "rule": {
        "f1": 0.5789473684210525,
        "ci_lo": 0.3870967741935483,
        "ci_hi": 0.7535472972972971,
        "coverage": 1.0
      }
    },
    "적법성": {
      "haiku": {
        "f1": 0.26666666666666666,
        "ci_lo": 0.07407407407407407,
        "ci_hi": 0.46872549019607834,
        "coverage": 1.0
      },
      "e4b_nested": {
        "f1": 0.7499999999999999,
        "ci_lo": 0.5819220430107527,
        "ci_hi": 0.8837209302325582,
        "coverage": 1.0
      },
      "rule": {
        "f1": 0.8333333333333333,
        "ci_lo": 0.7181194029850746,
        "ci_hi": 0.9322413793103448,
        "coverage": 1.0
      }
    },
    "거버넌스": {
      "haiku": {
        "f1": 0.5263157894736842,
        "ci_lo": 0.31578947368421056,
        "ci_hi": 0.7014189189189189,
        "coverage": 1.0
      },
      "e4b_nested": {
        "f1": 0.6923076923076923,
        "ci_lo": 0.5217391304347826,
        "ci_hi": 0.8225315126050421,
        "coverage": 1.0
      },
      "rule": {
        "f1": 0.6511627906976745,
        "ci_lo": 0.4478494623655914,
        "ci_hi": 0.8076923076923077,
        "coverage": 1.0
      }
    },
    "효율성": {
      "haiku": {
        "f1": 0.25,
        "ci_lo": 0.06451612903225806,
        "ci_hi": 0.4383003048780487,
        "coverage": 1.0
      },
      "e4b_nested": {
        "f1": 0.6666666666666666,
        "ci_lo": 0.5098039215686274,
        "ci_hi": 0.8102163461538461,
        "coverage": 1.0
      },
      "rule": {
        "f1": 0.4,
        "ci_lo": 0.1764705882352941,
        "ci_hi": 0.5928439803439802,
        "coverage": 1.0
      }
    }
  },
  "model": "claude-haiku-4-5-20251001",
  "protocol": "동일 표본(text_boost 행), 층화 샘플 seed 42, 블라인드 zero-shot, 하이쿠 예측은 비교 전용(라벨 사용 금지)"
}