{
  "selective": {
    "per_cat": {
      "구조": {
        "n_pos": 42,
        "f1": 0.35789473684210527,
        "ci_lo": 0.2696570996099435,
        "ci_hi": 0.4444444444444444,
        "measurable": true
      },
      "공정성": {
        "n_pos": 141,
        "f1": 0.6795366795366796,
        "ci_lo": 0.6052607302388813,
        "ci_hi": 0.738707227731618,
        "measurable": true
      },
      "적법성": {
        "n_pos": 51,
        "f1": 0.5289256198347108,
        "ci_lo": 0.40979424556707933,
        "ci_hi": 0.6346414728682171,
        "measurable": true
      },
      "거버넌스": {
        "n_pos": 92,
        "f1": 0.5408163265306122,
        "ci_lo": 0.4549655320982335,
        "ci_hi": 0.6210532225465978,
        "measurable": true
      },
      "효율성": {
        "n_pos": 185,
        "f1": 0.5749235474006116,
        "ci_lo": 0.5033535114269421,
        "ci_hi": 0.6375987112564294,
        "measurable": true
      }
    },
    "total": {
      "n_pos": 511,
      "f1": 0.5507776761207686,
      "ci_lo": 0.515254499873243,
      "ci_hi": 0.5876273070534103
    },
    "strat_mode": "StratifiedKFold(양성보유행 503/2588 근사)",
    "n": 2588,
    "choices": {
      "구조": {
        "rule": 3,
        "ens": 2
      },
      "공정성": {
        "rule": 5,
        "ens": 0
      },
      "적법성": {
        "rule": 0,
        "ens": 5
      },
      "거버넌스": {
        "rule": 5,
        "ens": 0
      },
      "효율성": {
        "rule": 0,
        "ens": 5
      }
    },
    "fold_detail": [
      {
        "구조": {
          "train_rule_f1": 0.37241379310344824,
          "train_ens_f1": 0.3742690058479532,
          "choice": "ens"
        },
        "공정성": {
          "train_rule_f1": 0.6865671641791045,
          "train_ens_f1": 0.6572769953051644,
          "choice": "rule"
        },
        "적법성": {
          "train_rule_f1": 0.3645320197044335,
          "train_ens_f1": 0.5161290322580645,
          "choice": "ens"
        },
        "거버넌스": {
          "train_rule_f1": 0.5466666666666667,
          "train_ens_f1": 0.45454545454545453,
          "choice": "rule"
        },
        "효율성": {
          "train_rule_f1": 0.5043478260869566,
          "train_ens_f1": 0.5846153846153846,
          "choice": "ens"
        }
      },
      {
        "구조": {
          "train_rule_f1": 0.36111111111111105,
          "train_ens_f1": 0.3680981595092025,
          "choice": "ens"
        },
        "공정성": {
          "train_rule_f1": 0.6798029556650246,
          "train_ens_f1": 0.6574074074074074,
          "choice": "rule"
        },
        "적법성": {
          "train_rule_f1": 0.3546798029556651,
          "train_ens_f1": 0.5161290322580645,
          "choice": "ens"
        },
        "거버넌스": {
          "train_rule_f1": 0.55,
          "train_ens_f1": 0.46808510638297873,
          "choice": "rule"
        },
        "효율성": {
          "train_rule_f1": 0.4533333333333333,
          "train_ens_f1": 0.5522388059701492,
          "choice": "ens"
        }
      },
      {
        "구조": {
          "train_rule_f1": 0.390625,
          "train_ens_f1": 0.38461538461538464,
          "choice": "rule"
        },
        "공정성": {
          "train_rule_f1": 0.7004608294930875,
          "train_ens_f1": 0.6872246696035242,
          "choice": "rule"
        },
        "적법성": {
          "train_rule_f1": 0.3823529411764706,
          "train_ens_f1": 0.5825242718446602,
          "choice": "ens"
        },
        "거버넌스": {
          "train_rule_f1": 0.5250000000000001,
          "train_ens_f1": 0.4680851063829787,
          "choice": "rule"
        },
        "효율성": {
          "train_rule_f1": 0.4770642201834862,
          "train_ens_f1": 0.5813953488372092,
          "choice": "ens"
        }
      },
      {
        "구조": {
          "train_rule_f1": 0.375,
          "train_ens_f1": 0.3592814371257485,
          "choice": "rule"
        },
        "공정성": {
          "train_rule_f1": 0.6570048309178744,
          "train_ens_f1": 0.6359447004608295,
          "choice": "rule"
        },
        "적법성": {
          "train_rule_f1": 0.3761467889908257,
          "train_ens_f1": 0.5242718446601942,
          "choice": "ens"
        },
        "거버넌스": {
          "train_rule_f1": 0.5316455696202531,
          "train_ens_f1": 0.5034965034965035,
          "choice": "rule"
        },
        "효율성": {
          "train_rule_f1": 0.5181818181818181,
          "train_ens_f1": 0.5882352941176471,
          "choice": "ens"
        }
      },
      {
        "구조": {
          "train_rule_f1": 0.3673469387755102,
          "train_ens_f1": 0.35928143712574845,
          "choice": "rule"
        },
        "공정성": {
          "train_rule_f1": 0.673076923076923,
          "train_ens_f1": 0.6575342465753424,
          "choice": "rule"
        },
        "적법성": {
          "train_rule_f1": 0.3431372549019608,
          "train_ens_f1": 0.5,
          "choice": "ens"
        },
        "거버넌스": {
          "train_rule_f1": 0.5512820512820513,
          "train_ens_f1": 0.5034965034965034,
          "choice": "rule"
        },
        "효율성": {
          "train_rule_f1": 0.5021645021645021,
          "train_ens_f1": 0.5692883895131086,
          "choice": "ens"
        }
      }
    ]
  },
  "rule_only": {
    "per_cat": {
      "구조": {
        "n_pos": 42,
        "f1": 0.3728813559322034,
        "ci_lo": 0.2841530054644809,
        "ci_hi": 0.46062937062937065,
        "measurable": true
      },
      "공정성": {
        "n_pos": 141,
        "f1": 0.6795366795366796,
        "ci_lo": 0.6052607302388813,
        "ci_hi": 0.738707227731618,
        "measurable": true
      },
      "적법성": {
        "n_pos": 51,
        "f1": 0.3643410852713178,
        "ci_lo": 0.2922992700729927,
        "ci_hi": 0.43336956521739123,
        "measurable": true
      },
      "거버넌스": {
        "n_pos": 92,
        "f1": 0.5408163265306122,
        "ci_lo": 0.4549655320982335,
        "ci_hi": 0.6210532225465978,
        "measurable": true
      },
      "효율성": {
        "n_pos": 185,
        "f1": 0.4911032028469751,
        "ci_lo": 0.41175284629981024,
        "ci_hi": 0.5605748801068414,
        "measurable": true
      }
    },
    "total": {
      "n_pos": 511,
      "f1": 0.4953031596925705,
      "ci_lo": 0.4573850931677019,
      "ci_hi": 0.5296720467282539
    },
    "strat_mode": "StratifiedKFold(양성보유행 503/2588 근사)",
    "n": 2588
  },
  "rule_slm": {
    "per_cat": {
      "구조": {
        "n_pos": 42,
        "f1": 0.3689320388349514,
        "ci_lo": 0.28717821782178216,
        "ci_hi": 0.45335265700483096,
        "measurable": true
      },
      "공정성": {
        "n_pos": 141,
        "f1": 0.6593406593406593,
        "ci_lo": 0.5877845855095755,
        "ci_hi": 0.7230851063829786,
        "measurable": true
      },
      "적법성": {
        "n_pos": 51,
        "f1": 0.5289256198347108,
        "ci_lo": 0.40979424556707933,
        "ci_hi": 0.6346414728682171,
        "measurable": true
      },
      "거버넌스": {
        "n_pos": 92,
        "f1": 0.48,
        "ci_lo": 0.3829583954465375,
        "ci_hi": 0.5631248708944433,
        "measurable": true
      },
      "효율성": {
        "n_pos": 185,
        "f1": 0.5749235474006116,
        "ci_lo": 0.5033535114269421,
        "ci_hi": 0.6375987112564294,
        "measurable": true
      }
    },
    "total": {
      "n_pos": 511,
      "f1": 0.5372050816696915,
      "ci_lo": 0.5054877221543888,
      "ci_hi": 0.5741370074684522
    },
    "strat_mode": "StratifiedKFold(양성보유행 503/2588 근사)",
    "n": 2588
  },
  "n": 2588,
  "verdict": {
    "selective_point": 0.5507776761207686,
    "selective_ci": [
      0.515254499873243,
      0.5876273070534103
    ],
    "ensemble_point": 0.5372050816696915,
    "ensemble_ci": [
      0.5054877221543888,
      0.5741370074684522
    ],
    "point_beats": true,
    "ci_overlap": true
  },
  "baselines_teamlead": {
    "rule_only": "0.495 [0.457,0.530]",
    "pure_mlp": "0.508",