{
  "구조": {
    "n": 428,
    "tp": 42,
    "struct": 0.5769230769230769,
    "poly": 0.3902439024390244,
    "text": 0.4716981132075472,
    "stack3": 0.5934065934065934,
    "stack2": 0.5869565217391305,
    "thr": 0.35
  },
  "공정성": {
    "n": 652,
    "tp": 141,
    "struct": 0.4964200477326968,
    "poly": 0.46315789473684216,
    "text": 0.5748502994011975,
    "stack3": 0.5693430656934306,
    "stack2": 0.5679012345679012,
    "thr": 0.3
  },
  "적법성": {
    "n": 587,
    "tp": 51,
    "struct": 0.43697478991596633,
    "poly": 0.34234234234234234,
    "text": 0.5833333333333334,
    "stack3": 0.5517241379310345,
    "stack2": 0.5517241379310345,
    "thr": 0.5499999999999999
  },
  "거버넌스": {
    "n": 481,
    "tp": 92,
    "struct": 0.44755244755244755,
    "poly": 0.48868778280542996,
    "text": 0.5289855072463768,
    "stack3": 0.5306122448979592,
    "stack2": 0.5421245421245421,
    "thr": 0.25
  },
  "효율성": {
    "n": 553,
    "tp": 186,
    "struct": 0.5576519916142557,
    "poly": 0.47186147186147187,
    "text": 0.5955334987593052,
    "stack3": 0.6223404255319149,
    "stack2": 0.6133333333333334,
    "thr": 0.39999999999999997
  },
  "_weighted_mean": {
    "struct": 0.5000916062054344,
    "poly": 0.43167586450799117,
    "text": 0.556415367689182,
    "stack": 0.5753305923201443
  }
}