{
  "구조": {
    "n": 428,
    "tp": 42,
    "lr_rule": 0.5688073394495413,
    "gb_rule": 0.5434782608695652,
    "gb_text": 0.5106382978723405,
    "best": 0.5688073394495413
  },
  "공정성": {
    "n": 652,
    "tp": 141,
    "lr_rule": 0.5135802469135803,
    "gb_rule": 0.5443425076452599,
    "gb_text": 0.5633802816901409,
    "best": 0.5633802816901409
  },
  "적법성": {
    "n": 587,
    "tp": 51,
    "lr_rule": 0.4800000000000001,
    "gb_rule": 0.5,
    "gb_text": 0.5309734513274337,
    "best": 0.5309734513274337
  },
  "거버넌스": {
    "n": 481,
    "tp": 92,
    "lr_rule": 0.494949494949495,
    "gb_rule": 0.5531914893617021,
    "gb_text": 0.5628140703517587,
    "best": 0.5628140703517587
  },
  "효율성": {
    "n": 553,
    "tp": 186,
    "lr_rule": 0.6093366093366093,
    "gb_rule": 0.6132723112128147,
    "gb_text": 0.6482758620689655,
    "best": 0.6482758620689655
  }
}