{
  "results": {
    "rule_only": {
      "per_cat": {
        "구조": {
          "n_pos": 42,
          "f1": 0.3728813559322034,
          "ci_lo": 0.2841530054644809,
          "ci_hi": 0.46062937062937065,
          "measurable": true
        },
        "공정성": {
          "n_pos": 141,
          "f1": 0.6795366795366796,
          "ci_lo": 0.6052607302388813,
          "ci_hi": 0.738707227731618,
          "measurable": true
        },
        "적법성": {
          "n_pos": 51,
          "f1": 0.37065637065637064,
          "ci_lo": 0.2976968944480211,
          "ci_hi": 0.44067796610169485,
          "measurable": true
        },
        "거버넌스": {
          "n_pos": 92,
          "f1": 0.5408163265306122,
          "ci_lo": 0.4549655320982335,
          "ci_hi": 0.6210532225465978,
          "measurable": true
        },
        "효율성": {
          "n_pos": 185,
          "f1": 0.5070422535211268,
          "ci_lo": 0.42911877394636017,
          "ci_hi": 0.5758564028575148,
          "measurable": true
        }
      },
      "total": {
        "n_pos": 511,
        "f1": 0.5004255319148936,
        "ci_lo": 0.46428030303030304,
        "ci_hi": 0.5345680485089841
      },
      "strat_mode": "StratifiedKFold(양성보유행 503/2588 근사)",
      "n": 2588
    },
    "e1_text": {
      "per_cat": {
        "구조": {
          "n_pos": 42,
          "f1": 0.49152542372881364,
          "ci_lo": 0.3801206164842529,
          "ci_hi": 0.6046609341410982,
          "measurable": true
        },
        "공정성": {
          "n_pos": 141,
          "f1": 0.5470588235294117,
          "ci_lo": 0.47675827147599686,
          "ci_hi": 0.6096256684491979,
          "measurable": true
        },
        "적법성": {
          "n_pos": 51,
          "f1": 0.5043478260869565,
          "ci_lo": 0.37733046889594624,
          "ci_hi": 0.603469982634582,
          "measurable": true
        },
        "거버넌스": {
          "n_pos": 92,
          "f1": 0.49446494464944646,
          "ci_lo": 0.4176544475775443,
          "ci_hi": 0.5675697975202926,
          "measurable": true
        },
        "효율성": {
          "n_pos": 185,
          "f1": 0.599483204134367,
          "ci_lo": 0.5408225662515035,
          "ci_hi": 0.6560041994750656,
          "measurable": true
        }
      },
      "total": {
        "n_pos": 511,
        "f1": 0.5426482534524777,
        "ci_lo": 0.5106714590723541,
        "ci_hi": 0.5756403415496156
      },
      "strat_mode": "StratifiedKFold(양성보유행 503/2588 근사)",
      "n": 2588
    },
    "e2_boost": {
      "per_cat": {
        "구조": {
          "n_pos": 42,
          "f1": 0.4666666666666667,
          "ci_lo": 0.32876712328767127,
          "ci_hi": 0.5892904135338346,
          "measurable": true
        },
        "공정성": {
          "n_pos": 141,
          "f1": 0.4511784511784512,
          "ci_lo": 0.37709235209235203,
          "ci_hi": 0.5274045111775467,
          "measurable": true
        },
        "적법성": {
          "n_pos": 51,
          "f1": 0.48979591836734687,
          "ci_lo": 0.35787593984962407,
          "ci_hi": 0.6097899728997289,
          "measurable": true
        },
        "거버넌스": {
          "n_pos": 92,
          "f1": 0.5294117647058824,
          "ci_lo": 0.44669370920957213,
          "ci_hi": 0.6060686653771761,
          "measurable": true
        },
        "효율성": {
          "n_pos": 185,
          "f1": 0.5013477088948787,
          "ci_lo": 0.4378560215294909,
          "ci_hi": 0.561052395879982,
          "measurable": true
        }
      },
      "total": {
        "n_pos": 511,
        "f1": 0.48867924528301887,
        "ci_lo": 0.45244131590740533,
        "ci_hi": 0.5258728228176993
      },
      "strat_mode": "StratifiedKFold(양성보유행 503/2588 근사)",
      "n": 2588
    },
    "e3_combo": {
      "per_cat": {
        "구조": {
          "n_pos": 42,
          "f1": 0.5283018867924528,
          "ci_lo": 0.4123559733171619,
          "ci_hi": 0.6407878159045431,
          "measurable": true
        },
        "공정성": {
          "n_pos": 141,
          "f1": 0.48520710059171596,
          "ci_lo": 0.4137826223666282,
          "ci_hi": 0.5480225988700564,
          "measurable": true
        },
        "적법성": {
          "n_pos": 51,
          "f1": 0.40816326530612246,
          "ci_lo": 0.31168298914200554,
          "ci_hi": 0.5030714427073025,
          "measurable": true
        },
        "거버넌스": {
          "n_pos": 92,
          "f1": 0.4888888888888889,
          "ci_lo": 0.4056198780255384,
          "ci_hi": 0.5641071428571428,
          "measurable": true
        },
        "효율성": {
          "n_pos": 185,
          "f1": 0.5852417302798982,
          "ci_lo": 0.5243838302648992,
          "ci_hi": 0.6418604651162789,
          "measurable": true
        }
      },
      "total": {
        "n_pos": 511,
        "f1": 0.5128205128205129,
        "ci_lo": 0.4782745502100341,
        "ci_hi": 0.5463365113441313
      },
      "strat_mode": "StratifiedKFold(양성보유행 503/2588 근사)",
      "n": 2588
    },
    "e4_select": {
      "per_cat": {
        "구조": {
          "n_pos": 42,
          "f1": 0.4666666666666667,
          "ci_lo": 0.32876712328767127,
          "ci_hi": 0.5892904135338346,
          "measurable": true
        },
        "공정성": {
          "n_pos": 141,
          "f1": 0.4511784511784512,
          "ci_lo": 0.37709235209235203,
          "ci_hi": 0.5274045111775467,
          "measurable": true
        },
        "적법성": {
          "n_pos": 51,
          "f1": 0.48979591836734687,
          "ci_lo": 0.35787593984962407,
          "ci_hi": 0.6097899728997289,
          "measurable": true
        },
        "거버넌스": {
          "n_pos": 92,
          "f1": 0.5294117647058824,
          "ci_lo": 0.44669370920957213,
          "ci_hi": 0.6060686653771761,
          "measurable": true
        },
        "효율성": {
          "n_pos": 185,
          "f1": 0.5013477088948787,
          "ci_lo": 0.4378560215294909,
          "ci_hi": 0.561052395879982,
          "measurable": true
        }
      },
      "total": {
        "n_pos": 511,
        "f1": 0.48867924528301887,
        "ci_lo": 0.45244131590740533,
        "ci_hi": 0.5258728228176993
      },
      "strat_mode": "StratifiedKFold(양성보유행 503/2588 근사)",
      "n": 2588
    }
  },
  "e4_choices": [
    {
      "구조": {
        "choice": "e2",
        "train_f1": 1.0
      },
      "공정성": {
        "choice": "e2",
        "train_f1": 0.8735
      },
      "적법성": {
        "choice": "e2",
        "train_f1": 0.9877
      },
      "거버넌스": {
        "choice": "e2",
        "train_f1": 0.9542
      },
      "효율성": {
        "choice": "e2",
        "train_f1": 0.945
      }
    },
    {
      "구조": {
        "choice": "e2",
        "train_f1": 1.0
      },
      "공정성": {
        "choice": "e2",
        "train_f1": 0.9191
      },
      "적법성": {
        "choice": "e2",
        "train_f1": 1.0
      },
      "거버넌스": {
        "choice": "e2",
        "train_f1": 0.9673
      },
      "효율성": {
        "choice": "e2",
        "train_f1": 0.9279
      }
    },
    {
      "구조": {
        "choice": "e2",
        "train_f1": 1.0
      },
      "공정성": {
        "choice": "e2",
        "train_f1": 0.8933
      },
      "적법성": {
        "choice": "e2",
        "train_f1": 0.9655
      },
      "거버넌스": {
        "choice": "e2",
        "train_f1": 0.96
      },
      "효율성": {
        "choice": "e2",
        "train_f1": 0.9498
      }
    },
    {
      "구조": {
        "choice": "e2",
        "train_f1": 1.0
      },
      "공정성": {
        "choice": "e2",
        "train_f1": 0.9098
      },
      "적법성": {
        "choice": "e2",
        "train_f1": 0.9663
      },
      "거버넌스": {
        "choice": "e2",
        "train_f1": 0.9744
      },
      "효율성": {
        "choice": "e2",
        "train_f1": 0.9625
      }
    },
    {
      "구조": {
        "choice": "e2",
        "train_f1": 1.0
      },
      "공정성": {
        "choice": "e2",