{
  "rule_only": {
    "per_cat": {
      "구조": {
        "n_pos": 42,
        "f1": 0.3728813559322034,
        "ci_lo": 0.2841530054644809,
        "ci_hi": 0.46062937062937065,
        "measurable": true
      },
      "공정성": {
        "n_pos": 141,
        "f1": 0.6795366795366796,
        "ci_lo": 0.6052607302388813,
        "ci_hi": 0.738707227731618,
        "measurable": true
      },
      "적법성": {
        "n_pos": 51,
        "f1": 0.3643410852713178,
        "ci_lo": 0.2922992700729927,
        "ci_hi": 0.43336956521739123,
        "measurable": true
      },
      "거버넌스": {
        "n_pos": 92,
        "f1": 0.5408163265306122,
        "ci_lo": 0.4549655320982335,
        "ci_hi": 0.6210532225465978,
        "measurable": true
      },
      "효율성": {
        "n_pos": 185,
        "f1": 0.4911032028469751,
        "ci_lo": 0.41175284629981024,
        "ci_hi": 0.5605748801068414,
        "measurable": true
      }
    },
    "total": {
      "n_pos": 511,
      "f1": 0.4953031596925705,
      "ci_lo": 0.4573850931677019,
      "ci_hi": 0.5296720467282539
    },
    "strat_mode": "StratifiedKFold(양성보유행 503/2588 근사)",
    "n": 2588
  },
  "rule_slm": {
    "per_cat": {
      "구조": {
        "n_pos": 42,
        "f1": 0.3689320388349514,
        "ci_lo": 0.28717821782178216,
        "ci_hi": 0.45335265700483096,
        "measurable": true
      },
      "공정성": {
        "n_pos": 141,
        "f1": 0.6593406593406593,
        "ci_lo": 0.5877845855095755,
        "ci_hi": 0.7230851063829786,
        "measurable": true
      },
      "적법성": {
        "n_pos": 51,
        "f1": 0.5289256198347108,
        "ci_lo": 0.40979424556707933,
        "ci_hi": 0.6346414728682171,
        "measurable": true
      },
      "거버넌스": {
        "n_pos": 92,
        "f1": 0.48,
        "ci_lo": 0.3829583954465375,
        "ci_hi": 0.5631248708944433,
        "measurable": true
      },
      "효율성": {
        "n_pos": 185,
        "f1": 0.5749235474006116,
        "ci_lo": 0.5033535114269421,
        "ci_hi": 0.6375987112564294,
        "measurable": true
      }
    },
    "total": {
      "n_pos": 511,
      "f1": 0.5372050816696915,
      "ci_lo": 0.5054877221543888,
      "ci_hi": 0.5741370074684522
    },
    "strat_mode": "StratifiedKFold(양성보유행 503/2588 근사)",
    "n": 2588
  },
  "n": 2588
}